wavelength (nm);29/5/2023;29/5/2023;29/5/2023;29/5/2023
190;91.19100;103.57200;131.84200;168.08700
190.5;87.05300;100.71700;127.23400;162.83400
191;84.14600;99.49700;123.07400;157.61200
191.5;81.96800;99.86400;119.11700;152.51200
192;80.32900;98.24400;115.43100;148.74600
192.5;78.29200;96.18600;112.11100;145.26300
193;76.56900;93.69600;109.31300;142.16100
193.5;74.92900;90.94000;106.75100;139.41500
194;73.27300;88.75400;104.31900;136.66200
194.5;71.83800;87.11000;101.97000;134.21100
195;70.41200;85.05900;99.71100;131.54000
195.5;68.67500;83.15600;97.70100;128.65300
196;67.20000;82.21100;95.61200;125.88900
196.5;65.93800;81.08700;93.95900;123.36900
197;64.73100;79.41900;92.15900;120.94600
197.5;63.52300;77.97500;90.50500;118.47800
198;62.57200;76.87300;89.11500;116.22900
198.5;61.38700;75.90600;87.68000;114.06200
199;59.94900;74.97800;86.47900;111.92900
199.5;58.33200;73.66400;85.30200;110.13200
200;57.04200;72.43300;83.97100;108.39400
200.5;55.84600;70.95500;82.90500;106.90300
201;54.96500;69.91400;81.45700;105.35800
201.5;54.38900;68.64100;80.09400;103.62900
202;53.77200;67.66200;78.55800;102.36500
202.5;53.28300;66.92200;77.61600;101.05400
203;53.04900;66.38900;76.65500;99.64100
203.5;52.56600;65.65100;75.64800;98.26500
204;51.85800;64.97700;74.75000;96.76200
204.5;51.07500;64.24500;73.84700;95.42400
205;50.05600;63.56400;73.06600;93.93400
205.5;49.13000;62.77000;72.41200;92.47800
206;48.21300;62.14300;71.54100;91.29500
206.5;47.54700;61.37100;70.53200;90.08100
207;46.86700;60.54700;69.52100;88.89400
207.5;46.30400;59.86600;68.60100;87.67400
208;45.76300;58.78400;67.46100;86.29200
208.5;45.44000;57.56400;66.33500;84.97400
209;44.69700;56.52200;65.07100;83.36200
209.5;43.95100;55.63000;64.01300;81.83400
210;43.33500;54.68900;63.00000;80.34100
210.5;42.73200;54.06300;62.11900;79.07800
211;41.82900;53.27600;61.43800;78.13600
211.5;41.09500;52.41800;60.66400;76.95900
212;40.36300;51.53800;59.95500;76.06000
212.5;39.56900;50.88000;59.25500;74.87400
213;38.93400;49.84300;58.36000;73.64800
213.5;38.39900;49.17800;57.45900;72.37700
214;37.65000;48.39500;56.53300;70.88100
214.5;37.20700;47.59700;55.64400;69.63800
215;36.89500;46.88700;54.68100;68.44300
215.5;36.67200;46.11300;53.91700;67.19200
216;36.00300;45.31600;53.25800;66.11500
216.5;35.59800;44.62600;52.56800;65.08700
217;35.16200;43.90400;51.82300;64.02000
217.5;34.79000;43.50200;51.02900;62.81900
218;34.32000;42.97800;50.18400;61.82800
218.5;33.90800;42.51900;49.32600;60.78200
219;33.41200;41.82700;48.45800;59.83800
219.5;32.77800;41.14900;47.59300;59.01800
220;32.05800;40.38900;46.90900;58.07500
220.5;31.51800;39.59600;46.28300;57.05000
221;30.75800;38.93000;45.55600;56.15600
221.5;30.35500;38.36200;44.75300;55.00100
222;29.89000;37.70400;43.98700;53.91400
222.5;29.43400;37.22800;43.21600;52.74700
223;28.94300;36.76900;42.51900;51.72700
223.5;28.58800;36.05900;41.77600;50.71500
224;28.04800;35.34700;41.05200;49.85300
224.5;27.41800;34.56500;40.33300;48.95000
225;26.86900;33.82400;39.75900;48.02800
225.5;26.37700;33.07600;39.08500;47.20700
226;25.86300;32.35400;38.27400;46.21400
226.5;25.43500;31.67900;37.38800;45.13200
227;24.95100;31.05700;36.61100;44.10200
227.5;24.46800;30.57400;35.88000;43.10600
228;24.08000;30.07500;35.35500;42.32600
228.5;23.71900;29.53800;34.94500;41.66100
229;23.33200;29.05200;34.59500;41.12900
229.5;22.97400;28.65100;34.29400;40.64200
230;22.69700;28.25000;34.05100;40.20900
230.5;22.41200;27.91600;33.77100;39.78800
231;22.16500;27.56200;33.37800;39.24500
231.5;21.92400;27.20800;32.88900;38.63300
232;21.65200;26.88300;32.39800;38.03100
232.5;21.27700;26.51200;31.94600;37.48600
233;20.94900;26.08700;31.52900;36.92600
233.5;20.67300;25.69400;31.12400;36.39300
234;20.38700;25.37300;30.73300;35.83700
234.5;20.16900;25.03200;30.40700;35.31400
235;19.94400;24.67700;30.10300;34.89200
235.5;19.80100;24.42100;29.78600;34.48700
236;19.63000;24.15300;29.50900;34.13700
236.5;19.48100;23.87200;29.18900;33.76600
237;19.22700;23.62500;28.96300;33.41400
237.5;18.97100;23.40100;28.65700;33.01800
238;18.72800;23.10700;28.31800;32.57500
238.5;18.50700;22.85100;28.03000;32.14600
239;18.30400;22.55500;27.75100;31.72400
239.5;18.10700;22.23900;27.46100;31.35900
240;17.87800;21.96200;27.11100;30.99300
240.5;17.73200;21.75400;26.77100;30.63000
241;17.58600;21.52000;26.50100;30.27400
241.5;17.46600;21.26200;26.24100;29.96100
242;17.33700;21.11200;26.04900;29.64800
242.5;17.25200;21.01400;25.78500;29.32300
243;17.16200;20.87400;25.61000;29.09500
243.5;17.00500;20.71900;25.50900;28.89100
244;16.83300;20.50600;25.37700;28.70000
244.5;16.64000;20.29800;25.16300;28.46200
245;16.43100;20.11300;24.85300;28.15500
245.5;16.26800;19.91500;24.56300;27.83700
246;16.11500;19.73200;24.29500;27.51900
246.5;15.97500;19.53600;24.05600;27.29700
247;15.83000;19.37800;23.83800;27.06300
247.5;15.69000;19.20100;23.67500;26.90100
248;15.59300;19.01000;23.57400;26.77000
248.5;15.43400;18.88000;23.52900;26.62600
249;15.31000;18.70900;23.42800;26.43700
249.5;15.17600;18.56800;23.23200;26.19000
250;14.98100;18.39800;22.95500;25.91600
250.5;14.86100;18.23500;22.69900;25.64400
251;14.68800;18.08200;22.44700;25.43800
251.5;14.49700;17.90800;22.23600;25.25000
252;14.29100;17.75000;22.06000;25.06900
252.5;14.19300;17.53200;21.94800;24.98700
253;14.08700;17.37900;21.85400;24.85600
253.5;13.98900;17.29400;21.73900;24.75700
254;13.95100;17.22800;21.60600;24.65500
254.5;13.89500;17.15400;21.44600;24.50700
255;13.86200;17.02200;21.29900;24.38900
255.5;13.78600;16.88400;21.15200;24.27600
256;13.62000;16.76400;21.04300;24.19400
256.5;13.48500;16.63300;20.96200;24.10000
257;13.34900;16.49500;20.88300;24.04500
257.5;13.21000;16.30300;20.81500;23.97500
258;13.09000;16.24400;20.63600;23.82000
258.5;13.02500;16.16800;20.43200;23.67400
259;12.99000;16.12200;20.25500;23.56000
259.5;12.95100;16.05900;20.09500;23.40500
260;13.00400;16.11300;20.01600;23.34200
260.5;12.99200;16.16800;19.95600;23.25000
261;12.96900;16.20700;19.92000;23.18600
261.5;13.01100;16.13600;19.92100;23.23200
262;12.97800;16.14600;19.98900;23.26400
262.5;12.94300;16.13900;19.96700;23.24700
263;13.01600;16.19200;19.94400;23.22200
263.5;13.03400;16.16100;19.97100;23.18900
264;13.05900;16.19700;19.97900;23.24200
264.5;13.04000;16.16900;20.02200;23.27100
265;13.03200;16.20300;20.05400;23.30500
265.5;13.02100;16.16800;20.08200;23.26700
266;12.99800;16.18400;20.04900;23.23800
266.5;13.03400;16.09000;20.04700;23.30600
267;13.06900;16.21700;20.00400;23.31900
267.5;13.16200;16.27600;19.88700;23.32900
268;13.29000;16.34600;19.87300;23.33100
268.5;13.43100;16.41200;19.90700;23.36800
269;13.59100;16.50600;19.93000;23.47100
269.5;13.65000;16.51300;19.96600;23.53200
270;13.65100;16.49700;19.96000;23.58700
270.5;13.63500;16.51500;19.99100;23.62700
271;13.57200;16.54700;19.99600;23.60100
271.5;13.52400;16.49500;19.95800;23.57300
272;13.52900;16.57100;19.86500;23.54300
272.5;13.52800;16.58600;19.80400;23.50200
273;13.53900;16.67300;19.77100;23.42100
273.5;13.66300;16.75500;19.78600;23.40700
274;13.75100;16.88900;19.76900;23.39400
274.5;13.83700;16.98300;19.74900;23.35900
275;13.94000;16.99800;19.72000;23.36400
275.5;13.98500;17.01000;19.74800;23.36300
276;13.98500;16.87200;19.73300;23.25400
276.5;14.03200;16.79200;19.61400;23.16900
277;14.03300;16.71400;19.54600;23.15600
277.5;14.00900;16.62000;19.49500;23.16100
278;13.94000;16.63700;19.44400;23.12200
278.5;13.95900;16.64700;19.42900;23.12100
279;13.93900;16.71600;19.41300;23.07600
279.5;13.97100;16.73700;19.39000;23.02400
280;14.01500;16.73500;19.38900;22.96900
280.5;14.01300;16.69900;19.38300;22.91000
281;14.07200;16.68900;19.32300;22.77900
281.5;14.19400;16.73300;19.23800;22.69800
282;14.25300;16.72000;19.22700;22.63700
282.5;14.28400;16.68700;19.19200;22.61500
283;14.27100;16.70300;19.12300;22.58700
283.5;14.28300;16.68300;19.04100;22.55900
284;14.27100;16.66800;18.97000;22.49900
284.5;14.15800;16.63500;18.90000;22.49500
285;14.02700;16.57600;18.82500;22.44700
285.5;13.88700;16.50700;18.72000;22.42400
286;13.81500;16.47900;18.66800;22.35600
286.5;13.80600;16.41700;18.60100;22.29500
287;13.76600;16.37400;18.54500;22.18900
287.5;13.82600;16.39600;18.45500;22.08800
288;13.82500;16.33300;18.34100;21.99100
288.5;13.83900;16.31100;18.21000;21.90700
289;13.84400;16.25500;18.14300;21.83300
289.5;13.72900;16.21400;18.10000;21.77900
290;13.60400;16.11000;18.05500;21.67800
290.5;13.49200;15.96800;17.98800;21.63700
291;13.40200;15.83600;17.96000;21.59500
291.5;13.36900;15.76800;17.90800;21.56200
292;13.30400;15.73000;17.87200;21.48500
292.5;13.28300;15.72400;17.79900;21.36900
293;13.15100;15.68300;17.71200;21.25400
293.5;13.12600;15.73600;17.58600;21.19200
294;13.09800;15.75400;17.48600;21.11600
294.5;13.05100;15.81300;17.39100;20.98200
295;13.01100;15.81300;17.29500;20.87300
295.5;12.97900;15.71400;17.19500;20.80300
296;12.94100;15.62200;17.11600;20.74000
296.5;12.97000;15.59400;17.08200;20.67500
297;12.96300;15.51500;17.07200;20.59300
297.5;12.90400;15.42100;17.07900;20.56900
298;12.88600;15.40100;17.06900;20.55900
298.5;12.90200;15.37100;17.00600;20.50300
299;12.88900;15.33400;16.94900;20.41800
299.5;12.82400;15.30600;16.92000;20.36800
300;12.87900;15.34800;16.86000;20.30800
300.5;12.86200;15.32100;16.77100;20.23400
301;12.85200;15.30900;16.69600;20.20800
301.5;12.89300;15.30700;16.64700;20.13200
302;12.86500;15.26200;16.59900;20.12300
302.5;12.81200;15.20100;16.60400;20.20400
303;12.79200;15.16000;16.62900;20.25800
303.5;12.65200;15.07000;16.66900;20.29900
304;12.56400;15.03100;16.73000;20.36800
304.5;12.53100;15.01100;16.72100;20.36000
305;12.68100;15.11800;16.63800;20.27500
305.5;12.74200;15.19900;16.56600;20.21400
306;12.82800;15.25400;16.50800;20.19400
306.5;12.88600;15.23700;16.45600;20.13100
307;12.90800;15.24400;16.41200;20.11900
307.5;12.85400;15.20200;16.41400;20.14400
308;12.77300;15.15200;16.44200;20.18400
308.5;12.69000;15.13600;16.47600;20.25100
309;12.68100;15.19700;16.47400;20.27600
309.5;12.68900;15.25300;16.40100;20.15800
310;12.68800;15.28000;16.36300;20.15000
310.5;12.70500;15.33600;16.30800;20.15800
311;12.75200;15.37800;16.24900;20.17100
311.5;12.76800;15.35100;16.28700;20.17900
312;12.78500;15.38800;16.33400;20.22300
312.5;12.75900;15.39200;16.39300;20.30400
313;12.80700;15.45200;16.42900;20.37400
313.5;12.90200;15.55800;16.41900;20.41700
314;12.93500;15.67100;16.43500;20.42900
314.5;12.96600;15.71100;16.44000;20.34800
315;13.00500;15.65700;16.47500;20.42300
315.5;13.04500;15.65500;16.47800;20.46500
316;13.04900;15.57500;16.51100;20.50000
316.5;13.01000;15.58200;16.59600;20.51200
317;13.07500;15.70300;16.66600;20.49700
317.5;13.12900;15.81100;16.70000;20.49000
318;13.24400;15.90800;16.63200;20.46000
318.5;13.29500;15.97100;16.58500;20.41900
319;13.34300;16.02600;16.61000;20.39400
319.5;13.39100;15.96300;16.61900;20.35500
320;13.43100;15.88200;16.63600;20.45000
320.5;13.40500;15.84700;16.65700;20.52000
321;13.44200;15.82400;16.65900;20.58200
321.5;13.37200;15.93000;16.64600;20.60200
322;13.38100;16.03800;16.66800;20.61800
322.5;13.34000;16.05500;16.63600;20.64000
323;13.23100;16.00100;16.64300;20.68000
323.5;13.12800;15.90200;16.72200;20.67700
324;13.05500;15.75400;16.72500;20.63600
324.5;12.96500;15.57700;16.66000;20.61300
325;12.93600;15.52500;16.60900;20.56900
325.5;12.90900;15.52100;16.57800;20.51400
326;12.93900;15.53000;16.46700;20.41100
326.5;12.91500;15.56100;16.32800;20.34700
327;12.97400;15.53500;16.27600;20.30900
327.5;12.96000;15.49600;16.20600;20.27000
328;12.91800;15.42000;16.21500;20.25200
328.5;12.87300;15.25600;16.20400;20.12600
329;12.78000;15.08000;16.16900;19.96600
329.5;12.65800;14.92900;16.09000;19.94400
330;12.60300;14.88000;16.05000;19.87000
330.5;12.46500;14.84900;15.99900;19.76800
331;12.35500;14.73500;15.94500;19.68000
331.5;12.32200;14.71600;15.79900;19.62300
332;12.31300;14.72300;15.68500;19.55600
332.5;12.28500;14.77200;15.52300;19.46300
333;12.36700;14.85600;15.33100;19.28700
333.5;12.29400;14.78800;15.21000;19.11700
334;12.24700;14.75900;15.12000;18.95200
334.5;12.13300;14.61700;15.03800;18.89700
335;12.04600;14.53400;14.92100;18.76300
335.5;11.94500;14.42700;14.82900;18.58400
336;11.90100;14.26100;14.74500;18.42200
336.5;11.81400;14.18000;14.61300;18.25800
337;11.72800;14.04500;14.47000;18.04800
337.5;11.60700;13.91600;14.33400;17.88500
338;11.57000;13.85700;14.14400;17.66800
338.5;11.35000;13.62100;14.05200;17.52600
339;11.19600;13.49000;13.94700;17.36800
339.5;11.00700;13.24200;13.85100;17.25000
340;10.82200;13.07700;13.66700;17.11200
340.5;10.76300;12.96000;13.53800;16.97700
341;10.76000;12.90400;13.39700;16.80300
341.5;10.61000;12.76200;13.28500;16.65500
342;10.51300;12.63600;13.15400;16.49400
342.5;10.35800;12.55000;13.06400;16.40800
343;10.25900;12.43900;12.94800;16.25300
343.5;10.03300;12.27800;12.84500;16.10100
344;9.84000;12.13200;12.78400;15.96500
344.5;9.70300;11.93500;12.70300;15.81400
345;9.57500;11.78600;12.56100;15.64600
345.5;9.56500;11.65600;12.39500;15.45400
346;9.50400;11.53200;12.21500;15.25100
346.5;9.33900;11.34100;12.03600;15.02200
347;9.28300;11.23400;11.87400;14.80000
347.5;9.21600;11.06300;11.69200;14.60400
348;9.14100;10.87800;11.52600;14.36000
348.5;9.03600;10.69800;11.37300;14.18800
349;8.91200;10.50600;11.29700;14.07000
349.5;8.79200;10.34400;11.17600;13.93600
350;8.68000;10.25700;11.05000;13.77700
350.5;8.61500;10.13400;10.89900;13.64000
351;8.42200;10.04700;10.74300;13.48500
351.5;8.27700;9.96200;10.59000;13.29600
352;8.22400;9.84600;10.46600;13.11400
352.5;8.12700;9.73000;10.31700;12.90600
353;8.05500;9.65300;10.13100;12.64600
353.5;7.94300;9.45700;9.97300;12.48200
354;7.79000;9.24100;9.88800;12.31500
354.5;7.56600;9.06700;9.78000;12.14500
355;7.36700;8.93200;9.72300;11.99400
355.5;7.30200;8.83400;9.59300;11.83300
356;7.17900;8.73400;9.47600;11.68500
356.5;7.12800;8.67600;9.35400;11.57800
357;7.11400;8.58600;9.21400;11.41700
357.5;7.05400;8.48800;9.06400;11.24400
358;7.03300;8.41100;8.91800;11.08200
358.5;6.99700;8.21700;8.80500;10.93700
359;6.91400;8.00700;8.76500;10.81300
359.5;6.74500;7.85400;8.71600;10.70000
360;6.65100;7.72300;8.70800;10.60500
360.5;6.63900;7.69900;8.63000;10.50200
361;6.56000;7.60100;8.57100;10.40100
361.5;6.47500;7.53700;8.48300;10.28700
362;6.37200;7.39300;8.36400;10.11400
362.5;6.27400;7.23400;8.25900;9.94900
363;6.17400;7.08200;8.14700;9.80100
363.5;6.14800;6.98700;7.98800;9.64500
364;6.05700;6.88100;7.92000;9.53400
364.5;5.96300;6.78600;7.86400;9.41900
365;5.86700;6.72900;7.81600;9.32100
365.5;5.86700;6.71100;7.74600;9.26900
366;5.81800;6.66900;7.66200;9.14200
366.5;5.73700;6.56300;7.58500;9.02700
367;5.67500;6.45800;7.51600;8.92300
367.5;5.60800;6.42000;7.42700;8.81400
368;5.57800;6.37400;7.26000;8.67900
368.5;5.59100;6.37400;7.08300;8.55600
369;5.49900;6.26800;7.00100;8.47900
369.5;5.39200;6.13500;6.91600;8.37900
370;5.26100;6.02100;6.85200;8.25400
370.5;5.23500;5.87800;6.80700;8.15800
371;5.16400;5.74100;6.79400;8.02700
371.5;5.05900;5.57100;6.81600;7.99300
372;4.99900;5.47300;6.86700;7.93400
372.5;4.95200;5.44700;6.87000;7.82900
373;5.06900;5.48900;6.74200;7.66400
373.5;5.18100;5.45400;6.62900;7.53500
374;5.17500;5.36500;6.54900;7.40800
374.5;5.09100;5.34200;6.48000;7.28700
375;5.02500;5.30100;6.35400;7.14200
375.5;4.97800;5.20200;6.24500;7.00800
376;4.87200;5.12300;6.14500;6.87700
376.5;4.77800;5.05900;6.08700;6.83600
377;4.61400;4.93900;6.07800;6.78700
377.5;4.57800;4.91900;6.06500;6.73400
378;4.60400;4.87700;6.02800;6.66600
378.5;4.62500;4.80100;6.00300;6.61600
379;4.57600;4.71600;5.99800;6.55000
379.5;4.48500;4.72500;5.98400;6.51600
380;4.41800;4.67900;5.89900;6.43400
380.5;4.32100;4.57000;5.83000;6.34500
381;4.24000;4.47300;5.82800;6.29000
381.5;4.22400;4.36400;5.75200;6.21200
382;4.10000;4.21000;5.69100;6.15600
382.5;4.06000;4.17400;5.62400;6.07000
383;3.96800;4.05800;5.57800;5.97800
383.5;3.94900;4.00500;5.52500;5.89500
384;3.97500;3.97900;5.47700;5.81600
384.5;4.01200;4.00300;5.46300;5.73800
385;4.05000;4.02600;5.41400;5.66000
385.5;4.01900;3.93700;5.42600;5.65900
386;4.03700;3.89100;5.45800;5.67500
386.5;4.01800;3.84000;5.37400;5.60600
387;3.94800;3.84000;5.28800;5.48600
387.5;3.91400;3.85200;5.19700;5.35100
388;3.86000;3.77100;5.15400;5.25600
388.5;3.84800;3.73400;5.06800;5.14000
389;3.81900;3.70200;5.02600;5.02400
389.5;3.81400;3.64900;4.99000;4.93500
390;3.78100;3.56000;4.96500;4.89800
390.5;3.70000;3.44700;4.97000;4.92300
391;3.59000;3.39900;5.00200;4.93800
391.5;3.45600;3.29300;4.98400;4.92100
392;3.41000;3.28700;4.96600;4.87200
392.5;3.39100;3.29900;4.91700;4.78600
393;3.39600;3.27500;4.83000;4.71800
393.5;3.40200;3.28900;4.67400;4.61200
394;3.40900;3.30000;4.58800;4.51900
394.5;3.43900;3.25400;4.49800;4.42600
395;3.38400;3.15800;4.46400;4.35800
395.5;3.38800;3.16400;4.40000;4.28800
396;3.39700;3.16300;4.37500;4.23000
396.5;3.37700;3.10300;4.36100;4.20600
397;3.36200;3.12600;4.36400;4.17300
397.5;3.33200;3.14900;4.32600;4.11000
398;3.26900;3.12100;4.28000;4.07800
398.5;3.25600;3.13800;4.23400;4.02500
399;3.23400;3.04500;4.26300;4.02200
399.5;3.14700;2.92600;4.25200;3.99600
400;3.01200;2.79900;4.25800;3.98600
400.5;2.95000;2.73400;4.23800;3.98300
401;2.90900;2.66200;4.22400;3.98900
401.5;2.86000;2.57700;4.15200;3.96400
402;2.76900;2.51800;4.10300;3.93200
402.5;2.71600;2.49500;4.00900;3.84800
403;2.66300;2.47400;3.97500;3.80800
403.5;2.71600;2.50600;3.94300;3.71600
404;2.72400;2.47900;3.94900;3.68700
404.5;2.66800;2.46100;3.92600;3.63600
405;2.60700;2.47000;3.93800;3.60600
405.5;2.58400;2.47900;3.90500;3.58400
406;2.57600;2.46900;3.85200;3.54200
406.5;2.56600;2.43300;3.77100;3.48200
407;2.49300;2.38700;3.77300;3.45300
407.5;2.47200;2.35500;3.73400;3.41000
408;2.46800;2.30600;3.74600;3.43800
408.5;2.45100;2.24000;3.79200;3.47100
409;2.39700;2.14500;3.78500;3.49000
409.5;2.29100;2.03500;3.76100;3.50900
410;2.25200;2.01600;3.73400;3.53500
410.5;2.26000;2.00100;3.67100;3.51200
411;2.27000;2.02800;3.59800;3.46200
411.5;2.30000;2.04400;3.53500;3.39500
412;2.29300;2.06700;3.49500;3.34200
412.5;2.33500;2.09200;3.43700;3.24700
413;2.35300;2.12200;3.40600;3.20900
413.5;2.30700;2.10000;3.42300;3.20100
414;2.23500;2.04100;3.37600;3.14800
414.5;2.15200;2.00200;3.32900;3.12100
415;2.15200;2.02200;3.28800;3.08000
415.5;2.13500;2.01100;3.26200;3.04300
416;2.07900;1.96800;3.23800;3.05100
416.5;2.04300;1.95200;3.17800;3.02500
417;2.03000;1.95100;3.12900;2.99200
417.5;2.02600;1.92000;3.07900;2.96400
418;1.98200;1.87500;3.06900;2.97000
418.5;1.94000;1.83600;3.04000;2.95000
419;1.86300;1.75300;3.01700;2.94200
419.5;1.85900;1.70700;2.98300;2.91400
420;1.90400;1.72000;2.95500;2.87400
420.5;1.90800;1.70600;2.96500;2.87500
421;1.89200;1.67300;2.98800;2.90000
421.5;1.86400;1.68500;2.97200;2.89800
422;1.85200;1.65800;2.97300;2.88100
422.5;1.82900;1.64000;2.95000;2.86600
423;1.78300;1.65000;2.90100;2.82600
423.5;1.72500;1.63500;2.84800;2.80100
424;1.68200;1.61800;2.82000;2.79900
424.5;1.63000;1.58800;2.79700;2.78600
425;1.62600;1.60600;2.77900;2.77600
425.5;1.67700;1.66300;2.73800;2.73700
426;1.71900;1.66400;2.71600;2.71300
426.5;1.68000;1.60000;2.70900;2.70500
427;1.65000;1.52900;2.68700;2.67400
427.5;1.66400;1.52600;2.63200;2.63600
428;1.65100;1.53900;2.62200;2.62000
428.5;1.58500;1.50400;2.61300;2.59400
429;1.51200;1.48700;2.59100;2.56800
429.5;1.45200;1.45200;2.56300;2.50700
430;1.39600;1.44900;2.55600;2.50600
430.5;1.39400;1.46000;2.55700;2.44300
431;1.36000;1.42600;2.54500;2.42700
431.5;1.30600;1.38800;2.54400;2.41800
432;1.31500;1.36700;2.52900;2.42000
432.5;1.33100;1.37900;2.49200;2.43100
433;1.31900;1.35800;2.46600;2.41400
433.5;1.30100;1.32500;2.38400;2.37300
434;1.30600;1.33600;2.28200;2.31200
434.5;1.37100;1.38600;2.17100;2.22500
435;1.38600;1.40800;2.13600;2.19500
435.5;1.41600;1.42400;2.09600;2.12400
436;1.44700;1.43800;2.05900;2.09600
436.5;1.42500;1.43100;2.05200;2.10100
437;1.42500;1.39300;2.09300;2.16400
437.5;1.35400;1.35000;2.14000;2.20600
438;1.27400;1.27600;2.15600;2.24000
438.5;1.22800;1.22800;2.13200;2.25000
439;1.18100;1.18200;2.09800;2.23900
439.5;1.20600;1.19500;2.03100;2.21700
440;1.23600;1.18800;2.00400;2.21400
440.5;1.22400;1.15800;1.98900;2.18600
441;1.21800;1.14000;1.99000;2.20200
441.5;1.16800;1.12200;1.96600;2.18600
442;1.14000;1.08100;1.99300;2.20000
442.5;1.10100;1.04500;2.07000;2.20600
443;1.10500;1.05100;2.11000;2.20600
443.5;1.11000;1.08000;2.08700;2.15200
444;1.08900;1.09900;1.99200;2.07300
444.5;1.09600;1.12900;1.88400;1.99800
445;1.11000;1.17200;1.78400;1.93400
445.5;1.12000;1.22800;1.71500;1.85600
446;1.12000;1.22400;1.67500;1.84500
446.5;1.13400;1.22600;1.62500;1.79100
447;1.17500;1.20300;1.60400;1.77900
447.5;1.21600;1.16100;1.62900;1.78200
448;1.19200;1.10500;1.69800;1.84200
448.5;1.15900;1.08300;1.74100;1.86900
449;1.12300;1.07300;1.74300;1.88700
449.5;1.07700;1.04900;1.73200;1.89200
450;1.04100;1.04900;1.68500;1.86900
450.5;0.99800;1.05000;1.70800;1.87500
451;0.95000;0.98600;1.72200;1.89700
451.5;0.92800;0.95000;1.69200;1.86800
452;0.91200;0.93700;1.62700;1.81000
452.5;0.89600;0.90200;1.54200;1.72400
453;0.84200;0.87900;1.53600;1.71500
453.5;0.84600;0.88700;1.50500;1.70100
454;0.86800;0.93600;1.47200;1.69300
454.5;0.84900;0.94100;1.46200;1.72400
455;0.79000;0.94500;1.45400;1.75000
455.5;0.73900;0.89600;1.47200;1.77400
456;0.65900;0.82300;1.45600;1.80200
456.5;0.58000;0.76800;1.44500;1.78900
457;0.56300;0.73900;1.41600;1.74000
457.5;0.56800;0.73000;1.34600;1.66300
458;0.60100;0.73500;1.35600;1.63000
458.5;0.67100;0.77100;1.34400;1.63000
459;0.75700;0.82400;1.32400;1.61700
459.5;0.80100;0.86000;1.33200;1.64700
460;0.81900;0.91200;1.28400;1.62900
460.5;0.86000;0.92900;1.23700;1.58400
461;0.81300;0.88400;1.22300;1.56600
461.5;0.76300;0.86100;1.21000;1.55900
462;0.73600;0.84400;1.18800;1.53600
462.5;0.72100;0.80000;1.16700;1.51300
463;0.70800;0.76800;1.20800;1.50000
463.5;0.71700;0.75200;1.27900;1.55500
464;0.71200;0.75100;1.33700;1.59100
464.5;0.68700;0.72700;1.36500;1.62900
465;0.68000;0.72500;1.35500;1.61700
465.5;0.72200;0.73700;1.34600;1.58700
466;0.70000;0.72700;1.33300;1.56900
466.5;0.68700;0.71900;1.32700;1.60600
467;0.73600;0.77400;1.28500;1.60600
467.5;0.82200;0.82000;1.20900;1.57100
468;0.93200;0.89200;1.15800;1.50800
468.5;0.97900;0.92100;1.16000;1.50500
469;0.95300;0.91000;1.16600;1.49000
469.5;0.89300;0.89300;1.14800;1.48700
470;0.88700;0.89800;1.12500;1.44900
470.5;0.84300;0.88100;1.07600;1.37500
471;0.80400;0.84000;1.08600;1.39400
471.5;0.79300;0.80600;1.10800;1.43400
472;0.78800;0.79500;1.13200;1.44900
472.5;0.80400;0.78700;1.12200;1.44300
473;0.81400;0.76200;1.13400;1.41500
473.5;0.80400;0.71000;1.15500;1.39700
474;0.73000;0.64900;1.15800;1.37700
474.5;0.66000;0.63100;1.14900;1.37400
475;0.64200;0.62600;1.13100;1.35500
475.5;0.56400;0.60400;1.09500;1.36100
476;0.51300;0.55800;1.16200;1.43400
476.5;0.47300;0.53400;1.23700;1.50400
477;0.46500;0.54100;1.26300;1.52100
477.5;0.44700;0.50200;1.28000;1.54000
478;0.46000;0.49200;1.30000;1.55500
478.5;0.54700;0.56200;1.27700;1.51900
479;0.58500;0.58300;1.21800;1.47800
479.5;0.60700;0.57900;1.20300;1.46500
480;0.61000;0.56800;1.18700;1.45800
480.5;0.59000;0.56400;1.16700;1.45700
481;0.54200;0.53800;1.25300;1.50600
481.5;0.51800;0.52600;1.28500;1.49700
482;0.55700;0.58300;1.22400;1.43300
482.5;0.57100;0.57100;1.16700;1.39300
483;0.58500;0.60700;1.10100;1.34300
483.5;0.62800;0.71000;0.98500;1.26200
484;0.62000;0.72800;0.89800;1.20500
484.5;0.60500;0.76500;0.84700;1.16500
485;0.59000;0.78900;0.79300;1.13400
485.5;0.62000;0.81200;0.74500;1.10700
486;0.65100;0.84800;0.76800;1.11600
486.5;0.70300;0.86000;0.80500;1.14900
487;0.72200;0.84100;0.86000;1.19400
487.5;0.75100;0.83200;0.89000;1.22000
488;0.75700;0.82700;0.93200;1.22000
488.5;0.73300;0.81900;0.94100;1.20100
489;0.66400;0.76300;0.93100;1.16400
489.5;0.62900;0.78000;0.86500;1.11200
490;0.64800;0.79200;0.74700;1.02500
490.5;0.65400;0.75800;0.63100;0.93500
491;0.63300;0.70900;0.58600;0.90900
491.5;0.63000;0.65700;0.60000;0.93000
492;0.56400;0.57300;0.69300;0.99500
492.5;0.58200;0.57000;0.74400;1.06000
493;0.59000;0.61200;0.78300;1.10400
493.5;0.57100;0.62500;0.83500;1.11700
494;0.56300;0.66000;0.84700;1.13100
494.5;0.56300;0.65900;0.86200;1.15000
495;0.55900;0.63200;0.84600;1.12500
495.5;0.56300;0.57800;0.82300;1.08100
496;0.54100;0.51000;0.84700;1.09200
496.5;0.52600;0.47900;0.87500;1.10900
497;0.46700;0.41600;0.88900;1.13800
497.5;0.48700;0.38800;0.86400;1.16500
498;0.48700;0.44700;0.82400;1.18500
498.5;0.54600;0.52900;0.80200;1.12900
499;0.56300;0.58100;0.78900;1.14700
499.5;0.56600;0.53300;0.82700;1.16700
500;0.58800;0.52700;0.79200;1.10800
500.5;0.63300;0.56000;0.77700;1.05900
501;0.68100;0.59600;0.76400;1.01900
501.5;0.70800;0.60900;0.76000;0.99100
502;0.71100;0.59000;0.73700;0.95200
502.5;0.69000;0.55700;0.64600;0.87000
503;0.65100;0.56400;0.58000;0.83300
503.5;0.65900;0.58000;0.58500;0.79000
504;0.58500;0.55100;0.63400;0.84200
504.5;0.50300;0.48500;0.66500;0.86900
505;0.45100;0.47900;0.68200;0.87500
505.5;0.35800;0.40400;0.71100;0.91200
506;0.35200;0.40300;0.70700;0.92300
506.5;0.37800;0.36200;0.70700;0.90600
507;0.38300;0.34100;0.65800;0.86900
507.5;0.39100;0.30200;0.55400;0.79600
508;0.43100;0.30300;0.52200;0.76400
508.5;0.51000;0.34000;0.57500;0.75900
509;0.51900;0.33500;0.62800;0.79500
509.5;0.47700;0.31200;0.64600;0.80600
510;0.44500;0.30100;0.73800;0.86800
510.5;0.41700;0.25600;0.80600;0.93600
511;0.40000;0.30900;0.84500;0.98700
511.5;0.38800;0.34900;0.84400;0.99600
512;0.32900;0.34600;0.86600;1.04300
512.5;0.35300;0.39300;0.86100;1.05500
513;0.38400;0.42000;0.84400;1.07200
513.5;0.41100;0.47300;0.85400;1.09100
514;0.38400;0.44100;0.85200;1.14200
514.5;0.34600;0.42000;0.87500;1.19000
515;0.38400;0.40700;0.89400;1.21700
515.5;0.42400;0.37500;0.87700;1.21200
516;0.40400;0.35100;0.86100;1.16500
516.5;0.40100;0.33400;0.83500;1.13900
517;0.37000;0.31600;0.86300;1.11700
517.5;0.38600;0.32800;0.86800;1.09500
518;0.39600;0.33700;0.85900;1.07300
518.5;0.38000;0.33400;0.92400;1.07000
519;0.39800;0.34300;0.91600;1.05200
519.5;0.35800;0.31200;0.91800;1.08400
520;0.35800;0.34500;0.86900;1.06700
520.5;0.36200;0.35000;0.81600;1.00800
521;0.35800;0.36500;0.76000;0.95800
521.5;0.34800;0.35200;0.74700;0.96200
522;0.30700;0.37100;0.76500;0.95500
522.5;0.28500;0.36000;0.77000;0.95900
523;0.22300;0.36200;0.79800;0.97700
523.5;0.20800;0.32400;0.84400;0.98000
524;0.22100;0.30900;0.79200;0.91500
524.5;0.22400;0.27100;0.75800;0.91100
525;0.23700;0.27400;0.72900;0.87900
525.5;0.26300;0.29800;0.68900;0.82800
526;0.32800;0.32800;0.65700;0.82100
526.5;0.34800;0.33500;0.67000;0.85700
527;0.36300;0.39000;0.67300;0.86100
527.5;0.40300;0.47600;0.61100;0.83500
528;0.39200;0.51000;0.63700;0.86700
528.5;0.41500;0.51700;0.67600;0.89800
529;0.39000;0.49000;0.65900;0.87800
529.5;0.35500;0.45800;0.65400;0.86800
530;0.33700;0.42500;0.60300;0.84200
530.5;0.31300;0.36700;0.54100;0.80600
531;0.27400;0.28400;0.50700;0.78600
531.5;0.24300;0.25600;0.51900;0.78700
532;0.33100;0.30200;0.51800;0.77600
532.5;0.39000;0.39700;0.51900;0.75000
533;0.41200;0.42400;0.59200;0.77000
533.5;0.49400;0.46100;0.61200;0.76900
534;0.49500;0.47300;0.57900;0.74700
534.5;0.50100;0.51600;0.51400;0.70600
535;0.52500;0.52100;0.44300;0.68200
535.5;0.45500;0.44300;0.38100;0.66400
536;0.40100;0.35800;0.40700;0.66800
536.5;0.38600;0.32600;0.47100;0.72900
537;0.43500;0.32100;0.55800;0.77900
537.5;0.39500;0.29200;0.69100;0.84900
538;0.35500;0.26900;0.77300;0.90000
538.5;0.36900;0.30800;0.78700;0.89500
539;0.37200;0.36300;0.77600;0.87100
539.5;0.37700;0.41200;0.73700;0.82400
540;0.38000;0.46200;0.70900;0.81200
540.5;0.38500;0.50400;0.60900;0.77500
541;0.39100;0.50900;0.59300;0.77100
541.5;0.41600;0.50000;0.61700;0.83400
542;0.41700;0.44200;0.66500;0.87500
542.5;0.40700;0.41500;0.68500;0.89000
543;0.43300;0.45800;0.67300;0.89200
543.5;0.41200;0.48500;0.68000;0.90100
544;0.35600;0.46800;0.67800;0.89200
544.5;0.28900;0.40500;0.69300;0.87800
545;0.23200;0.32100;0.68000;0.86000
545.5;0.24300;0.27300;0.62600;0.84300
546;0.24900;0.22800;0.63100;0.84800
546.5;0.26500;0.17500;0.61600;0.82700
547;0.23600;0.13500;0.57900;0.78200
547.5;0.19500;0.13100;0.53600;0.70000
548;0.22200;0.20000;0.47600;0.62900
548.5;0.18800;0.18600;0.47300;0.62900
549;0.17300;0.14700;0.50800;0.64900
549.5;0.16200;0.12300;0.57600;0.66800
550;0.15900;0.06500;0.63300;0.70100
550.5;0.25100;0.09700;0.69700;0.76800
551;0.27000;0.15300;0.74400;0.83800
551.5;0.31900;0.19500;0.75700;0.87700
552;0.26100;0.16500;0.75200;0.86200
552.5;0.16900;0.07600;0.75900;0.83100
553;0.18800;0.10900;0.67100;0.75900
553.5;0.18500;0.10300;0.58600;0.69500
554;0.22500;0.11800;0.54900;0.62600
554.5;0.25900;0.17500;0.50500;0.59500
555;0.28900;0.17200;0.54300;0.61900
555.5;0.32200;0.14200;0.58700;0.68800
556;0.31700;0.20500;0.60400;0.74400
556.5;0.34000;0.20300;0.67300;0.80300
557;0.29800;0.17300;0.73200;0.85000
557.5;0.26100;0.14300;0.75400;0.87500
558;0.25500;0.16300;0.69200;0.83800
558.5;0.19000;0.17300;0.63700;0.78400
559;0.18600;0.22500;0.59300;0.75100
559.5;0.22700;0.25200;0.54600;0.73000
560;0.27300;0.22700;0.55700;0.70800
560.5;0.29700;0.18600;0.54200;0.73200
561;0.33900;0.21600;0.54800;0.71500
561.5;0.34400;0.20800;0.56100;0.67000
562;0.36200;0.21500;0.60200;0.66200
562.5;0.33000;0.21900;0.62500;0.65000
563;0.23000;0.14500;0.65100;0.65600
563.5;0.16600;0.08100;0.70500;0.67000
564;0.12100;0.08800;0.70200;0.69100
564.5;0.06100;0.04000;0.71700;0.67600
565;0.05500;0.03200;0.68800;0.67200
565.5;0.02800;0.03500;0.66400;0.71900
566;0.01500;0.02400;0.70800;0.78000
566.5;-0.02200;-0.00700;0.79700;0.87700
567;-0.04900;-0.03800;0.92700;0.95900
567.5;-0.04600;-0.05100;0.98900;1.00600
568;-0.04900;-0.10100;1.04600;1.03700
568.5;-0.02200;-0.12100;1.06700;1.00500
569;0.00100;-0.04700;0.98800;0.96000
569.5;0.01400;0.01000;0.92000;0.89200
570;0.07500;0.09900;0.75400;0.76200
570.5;0.13500;0.19300;0.63400;0.67800
571;0.19300;0.21800;0.57600;0.64200
571.5;0.20000;0.23700;0.55400;0.64100
572;0.16300;0.22400;0.57300;0.63400
572.5;0.18000;0.23600;0.57400;0.61300
573;0.17900;0.23100;0.55900;0.59500
573.5;0.21700;0.23900;0.52300;0.54400
574;0.27700;0.28900;0.48900;0.55400
574.5;0.27100;0.28100;0.50600;0.61000
575;0.29400;0.31700;0.50100;0.58800
575.5;0.31800;0.30900;0.46700;0.58000
576;0.36000;0.34100;0.43900;0.55800
576.5;0.36900;0.39400;0.37800;0.50300
577;0.33800;0.43900;0.35600;0.47400
577.5;0.34900;0.49200;0.39600;0.47700
578;0.30800;0.44000;0.42800;0.50600
578.5;0.35100;0.41300;0.44200;0.48600
579;0.39100;0.39000;0.46700;0.48200
579.5;0.34600;0.29300;0.45000;0.48400
580;0.34500;0.20300;0.41800;0.46200
580.5;0.30900;0.08500;0.37100;0.47000
581;0.26900;0.02800;0.37700;0.46400
581.5;0.19400;-0.00300;0.33200;0.43200
582;0.16600;0.03100;0.30500;0.39000
582.5;0.13800;0.05200;0.33500;0.37300
583;0.08700;0.04900;0.36500;0.37000
583.5;0.04300;0.10500;0.35800;0.36100
584;0.01600;0.13000;0.33400;0.32500
584.5;-0.00700;0.09200;0.24000;0.26400
585;-0.00200;0.03200;0.16300;0.22600
585.5;-0.03300;-0.03400;0.11900;0.23500
586;-0.02500;-0.10000;0.16500;0.24400
586.5;-0.00200;-0.09000;0.15600;0.24900
587;0.08300;-0.04100;0.19900;0.28300
587.5;0.19100;0.01700;0.23200;0.29200
588;0.28900;0.13600;0.27800;0.30100
588.5;0.26000;0.19900;0.35800;0.37300
589;0.24900;0.23000;0.41800;0.40500
589.5;0.27900;0.25500;0.42600;0.42800
590;0.29400;0.29300;0.38900;0.38700
590.5;0.27200;0.26800;0.35900;0.35700
591;0.26000;0.18400;0.34700;0.31600
591.5;0.22100;0.16800;0.28800;0.31800
592;0.16700;0.09800;0.27800;0.35300
592.5;0.22000;0.14000;0.22400;0.28700
593;0.27800;0.23000;0.19500;0.25300
593.5;0.28800;0.31600;0.14500;0.19200
594;0.32400;0.41200;0.11900;0.12700
594.5;0.41200;0.52300;0.09900;0.06600
595;0.45900;0.58200;0.05600;0.00600
595.5;0.49400;0.60700;0.02900;-0.03800
596;0.45800;0.51600;0.04100;-0.01600
596.5;0.32100;0.33800;0.14100;0.10500
597;0.18400;0.15500;0.23900;0.24300
597.5;0.16200;0.10500;0.31600;0.32000
598;0.23000;0.11100;0.35900;0.38800
598.5;0.26300;0.11400;0.40700;0.39800
599;0.29500;0.13000;0.46100;0.39600
599.5;0.32800;0.10800;0.45900;0.35500
600;0.33200;0.12200;0.42300;0.32900
600.5;0.30100;0.06000;0.43400;0.32400
601;0.21200;-0.00300;0.47300;0.33900
601.5;0.07600;-0.10800;0.55900;0.40300
602;0.02200;-0.12100;0.58100;0.45500
602.5;0.09200;-0.02100;0.54200;0.42800
603;0.24400;0.08800;0.45100;0.38600
603.5;0.33100;0.16500;0.39300;0.35600
604;0.39900;0.25000;0.34400;0.31600
604.5;0.45300;0.28300;0.26400;0.26700
605;0.36300;0.19700;0.27400;0.26700
605.5;0.23700;0.09600;0.30000;0.31300
606;0.13700;0.10000;0.36900;0.35500
606.5;0.04300;0.05300;0.44000;0.38100
607;-0.03200;0.01200;0.48100;0.41600
607.5;-0.02100;0.07900;0.42300;0.35000
608;0.00100;0.12300;0.31600;0.29100
608.5;0.00300;0.11600;0.23400;0.19800
609;-0.01000;0.06000;0.21400;0.13900
609.5;0.02300;-0.04000;0.23100;0.15100
610;-0.06800;-0.18900;0.34500;0.22500
610.5;-0.07200;-0.21300;0.42200;0.30800
611;-0.01800;-0.12800;0.54800;0.39600
611.5;0.00300;-0.10800;0.64900;0.47200
612;-0.04100;-0.07900;0.68100;0.53600
612.5;-0.00800;-0.01600;0.68600;0.57600
613;0.08000;0.11900;0.57300;0.52700
613.5;0.19300;0.20900;0.47900;0.43600
614;0.25200;0.26000;0.44600;0.43600
614.5;0.27300;0.23400;0.39300;0.38000
615;0.28400;0.25500;0.35800;0.29000
615.5;0.33500;0.31500;0.27800;0.22500
616;0.33800;0.31900;0.25200;0.19200
616.5;0.29800;0.27200;0.24300;0.16800
617;0.25000;0.25300;0.24900;0.15900
617.5;0.22700;0.21600;0.26000;0.19600
618;0.24700;0.26200;0.25300;0.18600
618.5;0.22100;0.25900;0.26300;0.21200
619;0.18200;0.17600;0.28800;0.26900
619.5;0.12900;0.13200;0.20200;0.21200
620;0.07800;0.12700;0.08400;0.13500
620.5;0.11200;0.15400;-0.03900;0.05800
621;0.11400;0.11000;-0.11000;-0.04600
621.5;0.15300;0.13400;-0.09700;-0.08400
622;0.23400;0.23400;-0.12000;-0.14500
622.5;0.27000;0.32300;-0.13600;-0.15900
623;0.27900;0.39600;-0.04000;-0.12700
623.5;0.24700;0.35600;0.05800;-0.02800
624;0.20100;0.27100;0.23100;0.13700
624.5;0.14100;0.25500;0.36800;0.25500
625;-0.01700;0.06500;0.56400;0.40600
625.5;-0.09900;-0.09700;0.69600;0.50300
626;-0.18300;-0.28600;0.78600;0.54300
626.5;-0.14000;-0.31500;0.76500;0.54200
627;-0.08500;-0.25200;0.68600;0.52900
627.5;-0.03800;-0.21800;0.60000;0.49300
628;0.00700;-0.19700;0.52500;0.45200
628.5;0.06600;-0.22200;0.45100;0.42500
629;0.13100;-0.17100;0.47400;0.38900
629.5;0.24800;0.00500;0.42600;0.27300
630;0.22400;-0.01900;0.41100;0.25000
630.5;0.22400;-0.00200;0.32100;0.24300
631;0.29500;0.06500;0.19600;0.14200
631.5;0.28700;0.12800;0.08400;0.07900
632;0.33000;0.23300;-0.01400;0.04200
632.5;0.21500;0.17300;-0.01300;0.03200
633;0.11000;0.04900;0.04200;0.06000
633.5;0.02600;-0.03900;0.10900;0.09900
634;0.07500;-0.00200;0.18800;0.07200
634.5;0.15900;0.10100;0.17300;-0.03700
635;0.15600;0.13900;0.10100;-0.10900
635.5;0.18000;0.17500;-0.00500;-0.15200
636;0.25900;0.23900;-0.05300;-0.20800
636.5;0.23000;0.14400;-0.06000;-0.17600
637;0.23500;0.10300;-0.07200;-0.14400
637.5;0.18300;0.07300;-0.07900;-0.09000
638;0.14800;0.02200;-0.08000;-0.04300
638.5;0.16300;0.04100;-0.07600;0.01500
639;0.18600;0.02000;-0.00900;0.04100
639.5;0.13000;0.02300;-0.00100;0.02400
640;0.08300;0.02300;-0.02900;-0.01500
640.5;0.14600;0.09300;-0.01800;-0.01700
641;0.23900;0.14300;0.05200;-0.00600
641.5;0.27900;0.16000;0.12900;0.06900
642;0.29800;0.16800;0.25100;0.15700
642.5;0.32300;0.27600;0.25200;0.18700
643;0.31300;0.33100;0.22800;0.16300
643.5;0.36000;0.33700;0.20300;0.16100
644;0.35100;0.26200;0.24000;0.17900
644.5;0.23400;0.23300;0.19700;0.09700
645;0.13800;0.06200;0.18000;0.03800
645.5;0.06100;-0.09000;0.19600;0.00300
646;0.02900;-0.23700;0.19900;0.00000
646.5;-0.07700;-0.36100;0.24300;0.02900
647;-0.26600;-0.52500;0.37600;0.16200
647.5;-0.41100;-0.60200;0.47000;0.26700
648;-0.40100;-0.60500;0.50700;0.31100
648.5;-0.32400;-0.52200;0.51900;0.38000
649;-0.14500;-0.38200;0.46800;0.37400
649.5;-0.09300;-0.27000;0.42300;0.31900
650;-0.05500;-0.26700;0.30300;0.28400
650.5;0.03600;-0.21300;0.21400;0.22600
651;0.22700;0.01200;0.01200;0.12300
651.5;0.25700;0.09100;-0.09400;0.06300
652;0.21000;0.16700;-0.12300;0.03300
652.5;0.21000;0.22800;-0.03100;0.04600
653;0.22800;0.19500;-0.01700;0.07300
653.5;0.12200;0.05500;0.10600;0.12800
654;0.08000;-0.01600;0.17600;0.17400
654.5;-0.09300;-0.10900;0.26700;0.19500
655;-0.13400;-0.17900;0.27500;0.16900
655.5;-0.11800;-0.23500;0.31000;0.15600
656;-0.01200;-0.11900;0.20000;0.02700
656.5;0.05900;-0.03100;0.13600;-0.02600
657;0.11900;0.03400;0.10500;-0.06900
657.5;0.16000;0.08200;0.14200;-0.01800
658;0.13500;0.03700;0.16900;0.06400
658.5;0.06600;-0.01800;0.24500;0.09700
659;0.04200;-0.01400;0.29300;0.16900
659.5;-0.05400;-0.01000;0.33300;0.24600
660;-0.10100;-0.01700;0.42500;0.34300
660.5;-0.02400;0.01900;0.40800;0.41300
661;0.09100;0.12200;0.37600;0.35400
661.5;0.15500;0.17100;0.32900;0.27700
662;0.15100;0.12400;0.27800;0.18500
662.5;0.17400;0.10800;0.22800;0.12300
663;0.27100;0.13600;0.13400;-0.02700
663.5;0.23700;0.05100;0.14200;-0.09300
664;0.25000;-0.04500;0.15500;-0.13200
664.5;0.15500;-0.09900;0.23000;-0.06300
665;0.12600;-0.07600;0.36100;0.10300
665.5;0.20900;-0.02800;0.44200;0.25700
666;0.21300;-0.02500;0.57200;0.35600
666.5;0.21400;0.01400;0.70200;0.40500
667;0.14600;0.05000;0.69000;0.36900
667.5;0.13600;0.10800;0.60200;0.32600
668;0.15200;0.15100;0.45400;0.31700
668.5;0.05300;0.09000;0.43800;0.29900
669;0.10700;0.12700;0.35600;0.20000
669.5;0.08000;0.13200;0.25900;0.11600
670;0.09600;0.13800;0.25200;0.08600
670.5;0.03600;0.01300;0.29100;0.07300
671;-0.02600;-0.09300;0.29400;0.10000
671.5;-0.03500;-0.15600;0.32100;0.14900
672;-0.14500;-0.17400;0.30900;0.13700
672.5;-0.19500;-0.20200;0.27400;0.19000
673;-0.25000;-0.21400;0.24500;0.29000
673.5;-0.27200;-0.24000;0.31000;0.38000
674;-0.18700;-0.14800;0.24700;0.34600
674.5;-0.17700;-0.07200;0.14300;0.26900
675;-0.13100;-0.00100;0.10600;0.15200
675.5;-0.12700;0.02300;0.06200;0.08600
676;-0.07500;0.05000;0.09400;0.10200
676.5;-0.04100;0.05400;0.21100;0.17900
677;0.02300;0.07700;0.29500;0.15200
677.5;0.09900;0.08400;0.32800;0.15900
678;0.12100;0.06100;0.26200;0.15500
678.5;0.12700;0.00100;0.29800;0.19200
679;0.14700;-0.04900;0.27900;0.15300
679.5;0.11200;-0.02900;0.19000;0.11500
680;0.10700;-0.05000;0.11900;0.02500
680.5;0.07900;-0.00500;0.00700;-0.04000
681;0.16700;0.00300;-0.03200;-0.07200
681.5;0.21600;0.09300;-0.03400;-0.09300
682;0.25100;0.11900;-0.05600;-0.08800
682.5;0.30200;0.18000;-0.23800;-0.16600
683;0.27400;0.17400;-0.38500;-0.23700
683.5;0.27700;0.14000;-0.38800;-0.19700
684;0.20700;0.02300;-0.25200;-0.12000
684.5;0.16500;0.02600;-0.14500;-0.08600
685;0.25800;0.04300;-0.07000;-0.08800
685.5;0.26100;0.04800;-0.04700;-0.11900
686;0.38000;0.05900;-0.03200;-0.12900
686.5;0.42600;0.12900;-0.01000;-0.13300
687;0.43900;0.09300;0.05800;-0.08600
687.5;0.51700;0.09200;-0.08800;-0.16100
688;0.60900;0.11200;-0.22700;-0.23300
688.5;0.70600;0.17100;-0.30900;-0.20300
689;0.75100;0.24200;-0.24900;-0.16900
689.5;0.68000;0.23300;-0.11400;-0.04300
690;0.64000;0.30400;-0.03900;-0.02200
690.5;0.48200;0.26400;0.08600;-0.01000
691;0.33600;0.16600;0.12100;-0.01300
691.5;0.20900;0.10400;0.09400;-0.03300
692;0.15400;0.00300;-0.00500;-0.12900
692.5;0.15200;-0.04100;-0.21900;-0.30100
693;0.21300;-0.00500;-0.37100;-0.41400
693.5;0.25800;0.10300;-0.55400;-0.50400
694;0.30800;0.17500;-0.60000;-0.51800
694.5;0.21600;0.18500;-0.57000;-0.41600
695;0.18800;0.26900;-0.50700;-0.35000
695.5;0.15900;0.28900;-0.32800;-0.22800
696;0.18300;0.30000;-0.30500;-0.16500
696.5;0.13400;0.31800;-0.22000;-0.08900
697;0.24500;0.37100;-0.23400;-0.10100
697.5;0.31900;0.42500;-0.27700;-0.14700
698;0.36200;0.42800;-0.25000;-0.12800
698.5;0.32100;0.38000;-0.23800;-0.13400
699;0.30100;0.27000;-0.24200;-0.16800
699.5;0.29300;0.28900;-0.27800;-0.22700
700;0.23800;0.23900;-0.26800;-0.24000
700.5;0.24400;0.14700;-0.16400;-0.21900
701;0.09700;-0.02200;-0.01500;-0.09800
701.5;-0.08200;-0.18500;0.18500;0.04500
702;-0.23300;-0.38100;0.29300;0.16000
702.5;-0.29300;-0.55300;0.34700;0.25400
703;-0.30400;-0.52200;0.28900;0.25800
703.5;-0.27700;-0.48700;0.28000;0.25300
704;-0.14800;-0.39600;0.23500;0.18700
704.5;-0.07100;-0.30000;0.16300;0.10500
705;-0.10200;-0.29800;0.14100;0.05900
705.5;-0.06100;-0.27600;0.19500;0.09000
706;-0.01300;-0.19600;0.28700;0.09800
706.5;0.02200;-0.14100;0.29100;0.09700
707;0.08000;-0.10400;0.19000;0.04700
707.5;0.22600;0.03700;0.08400;-0.05400
708;0.29100;0.27900;-0.12000;-0.11400
708.5;0.38600;0.34800;-0.16800;-0.14600
709;0.40900;0.30600;-0.16500;-0.13400
709.5;0.41900;0.25900;-0.15900;-0.07500
710;0.30400;0.23600;-0.16000;0.02300
710.5;0.31600;0.28500;-0.15700;0.06300
711;0.33300;0.36100;-0.21100;-0.06900
711.5;0.24700;0.31700;-0.26900;-0.10700
712;0.20100;0.23600;-0.41900;-0.21900
712.5;0.16500;0.14600;-0.42800;-0.28600
713;-0.01600;-0.09500;-0.31800;-0.15000
713.5;-0.09700;-0.29700;-0.14000;-0.12900
714;-0.16800;-0.39100;0.01800;-0.12600
714.5;-0.02300;-0.25900;0.03900;-0.10500
715;0.09000;-0.06400;0.05600;-0.09400
715.5;0.25900;0.19400;0.02400;-0.15200
716;0.28400;0.33800;-0.11100;-0.30400
716.5;0.25400;0.35900;-0.15300;-0.30100
717;0.23900;0.25900;-0.21000;-0.23800
717.5;0.19000;0.07900;-0.18100;-0.19100
718;0.08700;-0.12200;-0.10200;-0.07600
718.5;-0.00800;-0.22500;-0.10300;-0.04300
719;0.00300;-0.27900;-0.20800;-0.06600
719.5;0.14700;-0.18100;-0.31400;-0.11700
720;0.16700;-0.20700;-0.26600;-0.07000
720.5;0.16800;-0.16000;-0.18100;-0.00700
721;0.14900;-0.04000;-0.14900;-0.08800
721.5;0.18600;0.08600;0.00500;-0.02400
722;0.23100;0.19700;0.08400;0.02700
722.5;0.23000;0.23900;0.13700;-0.01100
723;0.13600;0.22400;0.12800;-0.05600
723.5;0.11400;0.25000;0.05200;-0.06400
724;0.12600;0.19300;-0.01300;-0.07100
724.5;0.04700;0.03200;0.07700;-0.01600
725;-0.07900;-0.22000;0.18700;0.10700
725.5;-0.12600;-0.35100;0.29200;0.19200
726;-0.02400;-0.31300;0.25600;0.09100
726.5;0.21800;-0.13800;0.11200;-0.03600
727;0.35500;0.03300;-0.06600;-0.18100
727.5;0.47700;0.22800;-0.34000;-0.43400
728;0.49400;0.30400;-0.56800;-0.63600
728.5;0.51800;0.31300;-0.64200;-0.65500
729;0.45200;0.24800;-0.57400;-0.60300
729.5;0.25000;0.09600;-0.46800;-0.56100
730;0.22600;0.07500;-0.42900;-0.51500
730.5;0.22100;0.06700;-0.41500;-0.51200
731;0.25500;0.15000;-0.41900;-0.53900
731.5;0.26100;0.16500;-0.37900;-0.54000
732;0.20300;0.17300;-0.24900;-0.47100
732.5;0.15000;0.10300;-0.17200;-0.42100
733;0.05000;-0.05700;-0.04300;-0.27200
733.5;-0.05900;-0.25900;0.13000;-0.06200
734;-0.15700;-0.38700;0.32400;0.11800
734.5;-0.16400;-0.42800;0.37700;0.17400
735;-0.05700;-0.23500;0.30900;0.13800
735.5;0.03400;-0.06200;0.17900;-0.00200
736;0.10100;0.13300;0.00600;-0.14000
736.5;0.20900;0.24900;-0.11300;-0.27800
737;0.24400;0.31500;-0.20500;-0.34400
737.5;0.25600;0.20700;-0.35400;-0.46700
738;0.22900;0.16400;-0.47900;-0.54400
738.5;0.22300;0.09000;-0.56400;-0.59700
739;0.21500;-0.01900;-0.52200;-0.56700
739.5;0.16100;-0.09900;-0.55100;-0.60700
740;0.13700;-0.04100;-0.63400;-0.74100
740.5;0.22100;-0.04000;-0.66200;-0.77000
741;0.20900;-0.05000;-0.63700;-0.75500
741.5;0.23000;-0.02900;-0.61700;-0.74400
742;0.16100;-0.06200;-0.61200;-0.70300
742.5;0.25000;-0.05700;-0.57500;-0.66500
743;0.21500;-0.02500;-0.55800;-0.61300
743.5;0.14700;-0.04900;-0.47800;-0.52700
744;-0.00700;-0.16200;-0.35600;-0.45500
744.5;-0.10800;-0.29400;-0.15200;-0.37300
745;-0.09100;-0.21600;0.00800;-0.30000
745.5;-0.10900;-0.23200;0.25700;-0.16500
746;-0.22900;-0.25400;0.43300;-0.09900
746.5;-0.29900;-0.29000;0.46800;-0.11300
747;-0.37500;-0.28500;0.38200;-0.12800
747.5;-0.31200;-0.16500;0.31300;-0.09100
748;-0.37100;-0.22500;0.16000;-0.12600
748.5;-0.40700;-0.27900;0.02000;-0.15000
749;-0.34400;-0.26300;-0.14500;-0.18100
749.5;-0.21600;-0.36600;-0.04100;-0.14000
750;-0.04900;-0.32800;0.02900;-0.05400
750.5;-0.02400;-0.36500;0.05800;0.01300
751;0.03100;-0.32900;0.03800;0.05200
751.5;0.10900;-0.30400;0.05500;0.04700
752;0.10200;-0.20000;-0.01000;-0.03000
752.5;0.21500;-0.02600;-0.09700;-0.21200
753;0.25100;0.03300;-0.20000;-0.37300
753.5;0.30600;0.13400;-0.30600;-0.48400
754;0.32900;0.28800;-0.39500;-0.58400
754.5;0.40900;0.32100;-0.37100;-0.62500
755;0.50600;0.27300;-0.39300;-0.64500
755.5;0.40000;0.23200;-0.48900;-0.59900
756;0.39800;0.26200;-0.43700;-0.52300
756.5;0.28100;0.12500;-0.24800;-0.48100
757;0.17500;0.07900;-0.16500;-0.44700
757.5;0.19600;0.04100;-0.09400;-0.47200
758;0.15900;0.00200;-0.02200;-0.34700
758.5;0.19900;-0.03000;0.01800;-0.27700
759;0.22300;-0.06000;0.01100;-0.26500
759.5;0.22200;-0.03400;0.03600;-0.24900
760;0.17100;-0.10100;-0.01700;-0.22800
760.5;0.15000;0.03500;-0.14900;-0.27800
761;0.12900;0.14400;-0.15000;-0.32900
761.5;-0.02000;0.06600;-0.05200;-0.33200
762;-0.05500;0.10800;-0.07100;-0.27700
762.5;-0.13000;0.01000;-0.07200;-0.20700
763;-0.17900;-0.05900;-0.11300;-0.15700
763.5;-0.05700;-0.14300;-0.21300;-0.25100
764;-0.02300;-0.25200;-0.24500;-0.27700
764.5;0.00200;-0.24200;-0.22200;-0.27200
765;0.08800;-0.17600;-0.26000;-0.23800
765.5;0.28700;-0.01500;-0.33100;-0.26900
766;0.33600;0.14600;-0.23600;-0.25300
766.5;0.42300;0.21800;-0.17900;-0.19100
767;0.36300;0.30000;-0.13200;-0.10900
767.5;0.22000;0.17600;-0.07000;-0.05200
768;0.24700;0.12700;-0.04400;-0.13000
768.5;0.21700;-0.02600;-0.00400;-0.18900
769;0.15700;-0.27600;0.11800;-0.19800
769.5;0.12400;-0.46200;0.09300;-0.22500
770;0.18500;-0.42000;-0.03800;-0.32300
770.5;0.25400;-0.33300;-0.14700;-0.41400
771;0.34300;-0.17100;-0.31200;-0.57300
771.5;0.42700;0.00000;-0.39100;-0.54200
772;0.29200;0.09100;-0.38900;-0.42000
772.5;0.35500;0.20900;-0.45500;-0.28100
773;0.47500;0.29500;-0.45300;-0.19800
773.5;0.32700;0.28900;-0.32800;-0.09200
774;0.17400;0.15100;-0.16300;-0.01400
774.5;0.11200;0.03500;-0.15400;0.07000
775;0.10200;0.08200;-0.12800;0.08700
775.5;0.07600;0.12400;-0.02800;0.04700
776;0.12900;0.08400;-0.02100;-0.15200
776.5;0.08600;0.07800;0.06100;-0.16400
777;0.00700;-0.10000;0.02500;-0.16300
777.5;0.01600;-0.09300;0.04100;-0.12300
778;0.00700;-0.18400;-0.09000;-0.17200
778.5;-0.11900;-0.13700;-0.23100;-0.26400
779;-0.20000;-0.26500;-0.39700;-0.33900
779.5;-0.09000;-0.28900;-0.50000;-0.33200
780;-0.11000;-0.23800;-0.45200;-0.29300
780.5;-0.05200;-0.27700;-0.27600;-0.22900
781;0.01000;-0.30700;-0.18400;-0.29100
781.5;-0.07000;-0.37400;-0.05200;-0.23300
782;-0.19000;-0.49500;0.12900;-0.10000
782.5;-0.30300;-0.47900;0.34500;-0.01900
783;-0.30400;-0.40000;0.28900;-0.01300
783.5;-0.41200;-0.36900;0.20100;-0.05500
784;-0.32600;-0.18900;0.10800;-0.10600
784.5;-0.18300;0.03800;0.12200;-0.10300
785;-0.18200;0.00600;0.16100;0.01300
785.5;-0.11300;-0.01300;0.14000;-0.03100
786;-0.04000;-0.03300;0.03900;-0.05200
786.5;0.04400;-0.12300;-0.00800;-0.08600
787;-0.04300;-0.30400;-0.08800;-0.09600
787.5;-0.02400;-0.36800;-0.25000;-0.24100
788;0.07100;-0.28200;-0.47300;-0.44400
788.5;0.07400;-0.29900;-0.62400;-0.68200
789;0.20500;-0.20900;-0.74500;-0.78400
789.5;0.22500;-0.26400;-0.73200;-0.75200
790;0.14100;-0.38600;-0.64500;-0.60300
790.5;-0.00700;-0.39900;-0.52900;-0.57900
791;-0.17200;-0.54300;-0.21400;-0.33300
791.5;-0.19200;-0.59600;-0.03900;-0.28500
792;-0.25800;-0.57900;0.07600;-0.21900
792.5;-0.28500;-0.52200;0.07700;-0.23300
793;-0.23900;-0.34900;-0.10300;-0.41500
793.5;-0.23400;-0.34400;-0.13800;-0.49100
794;-0.16100;-0.30200;-0.34900;-0.58900
794.5;0.04800;-0.21300;-0.47600;-0.63000
795;0.27600;0.00200;-0.59300;-0.66900
795.5;0.32000;0.02700;-0.54300;-0.58700
796;0.35700;0.08500;-0.45700;-0.47700
796.5;0.56500;0.28100;-0.56400;-0.55600
797;0.65300;0.46200;-0.66600;-0.61700
797.5;0.51600;0.44200;-0.76400;-0.68700
798;0.37400;0.48600;-0.86900;-0.74900
798.5;0.14200;0.35700;-0.64700;-0.60000
799;-0.09500;0.12900;-0.41300;-0.51000
799.5;-0.11400;-0.04800;-0.12900;-0.38800
800;-0.21700;-0.17700;0.08600;-0.28000
800.5;-0.23900;-0.23400;0.29400;-0.17100
801;-0.06700;-0.13200;0.18000;-0.28400
801.5;0.01000;-0.06000;-0.10600;-0.53200
802;0.00300;-0.00500;-0.25000;-0.73000
802.5;0.05000;0.14200;-0.47300;-0.92400
803;0.13400;0.32900;-0.68900;-1.03300
803.5;0.10900;0.22300;-0.67300;-1.01700
804;0.06700;0.01300;-0.54500;-0.84500
804.5;0.05800;-0.08400;-0.41800;-0.65600
805;0.06800;-0.18200;-0.42000;-0.58900
805.5;0.30900;-0.07600;-0.52800;-0.66500
806;0.54900;0.09500;-0.78600;-0.83500
806.5;0.39600;0.15800;-0.91100;-0.95700
807;0.22600;0.13100;-0.74200;-0.88400
807.5;0.13600;0.19400;-0.72200;-0.90400
808;0.05700;0.21300;-0.71200;-0.86800
808.5;-0.08600;0.00700;-0.66400;-0.84100
809;-0.26600;-0.20900;-0.50100;-0.74400
809.5;-0.38500;-0.41200;-0.26500;-0.57200
810;-0.31000;-0.56000;-0.31800;-0.56700
810.5;-0.11600;-0.58700;-0.49200;-0.64300
811;-0.01800;-0.49400;-0.70300;-0.78900
811.5;-0.02200;-0.34200;-0.68800;-0.78300
812;-0.03300;-0.24500;-0.55100;-0.59800
812.5;0.00700;-0.11100;-0.58900;-0.52000
813;-0.04600;0.00600;-0.46200;-0.37700
813.5;0.01200;0.18500;-0.35400;-0.32100
814;0.01000;0.18100;-0.21600;-0.27100
814.5;0.07100;0.25200;-0.04900;-0.13400
815;0.19500;0.33400;-0.09900;-0.19300
815.5;0.40700;0.37200;-0.25600;-0.40900
816;0.58800;0.59400;-0.50400;-0.76200
816.5;0.62300;0.71300;-0.53300;-0.86400
817;0.48700;0.67600;-0.46600;-0.81800
817.5;0.25300;0.34700;-0.41500;-0.71200
818;-0.12300;0.02900;-0.13800;-0.48100
818.5;-0.25100;-0.08200;-0.04200;-0.30100
819;-0.48500;-0.29600;0.03800;-0.12900
819.5;-0.55800;-0.23800;0.16200;0.04700
820;-0.53600;-0.22400;0.26200;0.14300
820.5;-0.28700;-0.15900;0.19000;0.08700
821;0.06100;0.11700;-0.03200;-0.15800
821.5;0.27300;0.22300;-0.09400;-0.25900
822;0.46900;0.28900;-0.09100;-0.31100
822.5;0.55700;0.17100;-0.08600;-0.34100
823;0.45100;-0.04300;-0.08900;-0.32400
823.5;0.42400;-0.08100;-0.15300;-0.38700
824;0.33000;-0.12700;-0.16000;-0.41100
824.5;0.19300;-0.20200;-0.13900;-0.37200
825;0.02000;-0.32900;-0.15100;-0.33400
825.5;-0.01600;-0.34100;-0.23300;-0.35500
826;-0.04600;-0.29400;-0.27400;-0.36400
826.5;-0.11400;-0.30900;-0.20200;-0.25100
827;-0.13700;-0.31100;-0.05700;-0.10200
827.5;-0.15500;-0.28000;0.03700;0.02100
828;-0.22300;-0.35600;0.08600;0.06500
828.5;-0.15000;-0.32300;0.11400;0.08600
829;-0.03300;-0.22900;0.15900;0.07100
829.5;-0.00200;-0.17400;0.07500;-0.01800
830;0.09300;-0.01800;-0.07200;-0.10200
830.5;0.20100;0.18900;-0.19300;-0.24000
831;0.33100;0.30700;-0.39100;-0.37600
831.5;0.45100;0.34800;-0.53600;-0.50800
832;0.45600;0.42600;-0.73900;-0.70600
832.5;0.48400;0.47600;-0.97400;-0.90000
833;0.46200;0.39800;-1.09700;-1.06400
833.5;0.53700;0.35700;-1.18200;-1.05800
834;0.54600;0.38800;-1.11900;-1.06300
834.5;0.44400;0.35600;-0.99700;-1.02300
835;0.29000;0.35400;-0.71000;-0.86100
835.5;0.26000;0.32000;-0.40600;-0.70300
836;0.29800;0.21400;-0.28000;-0.57500
836.5;0.31800;0.01900;-0.11400;-0.49700
837;0.28400;0.01300;-0.13600;-0.46000
837.5;0.24100;-0.06100;-0.20000;-0.41200
838;0.17500;-0.16200;-0.19400;-0.32400
838.5;0.18300;-0.11800;-0.39000;-0.37400
839;0.12400;-0.04400;-0.57100;-0.51600
839.5;-0.09000;-0.00700;-0.68200;-0.53100
840;-0.15900;0.03300;-0.78800;-0.58200
840.5;-0.04700;0.14600;-0.87900;-0.59200
841;0.02900;0.15700;-0.94700;-0.52900
841.5;0.13400;0.13700;-0.95400;-0.51300
842;0.26200;0.24300;-0.91000;-0.52600
842.5;0.43600;0.18200;-0.80300;-0.54600
843;0.43700;-0.01000;-0.64000;-0.58500
843.5;0.50100;-0.03300;-0.71800;-0.78600
844;0.41000;-0.17400;-0.53300;-0.84500
844.5;0.21000;-0.35900;-0.44000;-0.61800
845;-0.02200;-0.54200;-0.39100;-0.67700
845.5;-0.15900;-0.48800;-0.34000;-0.52100
846;-0.29200;-0.55200;-0.16700;-0.21300
846.5;-0.21000;-0.58900;-0.15500;-0.15400
847;-0.17200;-0.56900;-0.18800;-0.07700
847.5;-0.01100;-0.60000;-0.24800;-0.08700
848;0.14800;-0.56100;-0.33700;-0.23600
848.5;0.39800;-0.45000;-0.46500;-0.33400
849;0.52000;-0.50800;-0.19500;-0.28400
849.5;0.37100;-0.60200;-0.01100;-0.16800
850;0.27400;-0.50300;0.08600;-0.42100
